{"cameraMode":{"drawMode":0,"name":"Shaded","section":"Shading Mode"},"sceneLighting":true,"audioPlay":false,"sceneViewState":{"m_AlwaysRefresh":false,"showFog":true,"showSkybox":true,"showFlares":true,"showImageEffects":true,"showParticleSystems":true,"showVisualEffectGraphs":true,"m_FxEnabled":true},"in2DMode":false,"pivot":{"x":-0.29070210456848147,"y":0.8953375220298767,"z":0.7410148978233337},"rotation":{"x":0.0009111121180467308,"y":0.6439144611358643,"z":0.0007665208540856838,"w":-0.7651058435440064},"size":1.8202235698699952,"orthographic":false}