{"cameraMode":{"drawMode":0,"name":"Shaded","section":"Shading Mode"},"sceneLighting":true,"audioPlay":false,"sceneViewState":{"m_AlwaysRefresh":false,"showFog":true,"showSkybox":true,"showFlares":true,"showImageEffects":true,"showParticleSystems":true,"showVisualEffectGraphs":true,"m_FxEnabled":true},"in2DMode":false,"pivot":{"x":-0.6434046030044556,"y":0.36112213134765627,"z":1.4346723556518555},"rotation":{"x":-0.23897382616996766,"y":-0.062001511454582217,"z":0.015289577655494213,"w":-0.9689359664916992},"size":10.587081909179688,"orthographic":false}